date,ticker,adjusted_close
2024-01-02,SPY,100.0
2024-01-03,SPY,101.0
2024-01-04,SPY,102.0
2024-01-05,SPY,101.0
2024-01-08,SPY,103.0
2024-01-09,SPY,104.0
2024-01-10,SPY,105.0
2024-01-11,SPY,106.0
2024-01-02,QQQ,50.0
2024-01-03,QQQ,51.0
2024-01-04,QQQ,50.0
2024-01-05,QQQ,52.0
2024-01-08,QQQ,53.0
2024-01-09,QQQ,52.0
2024-01-10,QQQ,54.0
2024-01-11,QQQ,55.0
2024-01-02,TLT,90.0
2024-01-03,TLT,90.5
2024-01-04,TLT,89.5
2024-01-05,TLT,91.0
2024-01-08,TLT,90.0
2024-01-09,TLT,89.0
2024-01-10,TLT,90.0
2024-01-11,TLT,91.0
2024-01-02,GLD,180.0
2024-01-03,GLD,181.0
2024-01-04,GLD,180.5
2024-01-05,GLD,182.0
2024-01-08,GLD,183.0
2024-01-09,GLD,182.5
2024-01-10,GLD,184.0
2024-01-11,GLD,185.0
